"n", "numerical", "analytic"
1, 0.999829, 1.000000
2, 1.998630, 2.000000
3, 2.995378, 3.000000
4, 3.989047, 4.000000
5, 4.978618, 5.000000
