"n", "analytic", "numerical"
1, 1.000000, 0.999829
2, 2.000000, 1.998630
3, 3.000000, 2.995378
4, 4.000000, 3.989047
5, 5.000000, 4.978618
